{
    "uniform": {
        "euclid": 39.879999999999995,
        "cosine": 39.07,
        "custom1": 40.150000000000006,
        "custom2": 39.2
    },
    "gaussian": {
        "euclid": 39.33,
        "cosine": 38.73,
        "custom1": 40.550000000000004,
        "custom2": 40.5
    }
}