{
    "uniform": {
        "euclid": 58.989999999999995,
        "cosine": 60.519999999999996,
        "custom1": 53.800000000000004,
        "custom2": 56.10000000000001
    },
    "gaussian": {
        "euclid": 66.3,
        "cosine": 42.730000000000004,
        "custom1": 64.4,
        "custom2": 48.3
    }
}