{
    "uniform": {
        "euclid": 69.17999999999999,
        "cosine": 73.74000000000001,
        "custom1": 61.199999999999996,
        "custom2": 67.85
    },
    "gaussian": {
        "euclid": 79.58,
        "cosine": 44.06,
        "custom1": 74.15,
        "custom2": 51.4
    }
}